<?xml version="1.0" encoding="utf-8"?>
<network-security-config>
        <base-config cleartextTrafficPermitted="true">
            <trust-anchors>
                <certificates src="system" />
            </trust-anchors>
        </base-config>

    <domain-config cleartextTrafficPermitted="true">
        <domain includeSubdomains="true">localhost</domain>
        <domain includeSubdomains="true">http://http://apiv1.iglobesystems.com:8000</domain>
        <domain includeSubdomains="true">http://http://apiv1.iglobesystems.com</domain>
    </domain-config>
</network-security-config>
